,Age,Avg_Daily_Usage_Hours,Sleep_Hours_Per_Night,Mental_Health_Score,Conflicts_Over_Social_Media,Addicted_Score,High_Addiction
Age,1.0,-0.10222095038467507,0.13208781792475302,0.15764533355481808,-0.17830537683392494,-0.17035297430454333,-0.10052984630971773
Avg_Daily_Usage_Hours,-0.10222095038467507,1.0,-0.814474750742209,-0.8018655545566046,0.8034657727575784,0.8379976167783713,0.7275890808021619
Sleep_Hours_Per_Night,0.13208781792475302,-0.814474750742209,1.0,0.7337669422997212,-0.7225237238557576,-0.7879750806654222,-0.7125350332039404
Mental_Health_Score,0.15764533355481808,-0.8018655545566046,0.7337669422997212,1.0,-0.9083618063011831,-0.9497060751671578,-0.8645445996421139
Conflicts_Over_Social_Media,-0.17830537683392494,0.8034657727575784,-0.7225237238557576,-0.9083618063011831,1.0,0.9511718316258223,0.818285087650669
Addicted_Score,-0.17035297430454333,0.8379976167783713,-0.7879750806654222,-0.9497060751671578,0.9511718316258223,1.0,0.8749214634229048
High_Addiction,-0.10052984630971773,0.7275890808021619,-0.7125350332039404,-0.8645445996421139,0.818285087650669,0.8749214634229048,1.0
