fpr,tpr,threshold
0.0,0.0,inf
0.0,0.012195121951219513,0.9999996659850278
0.0,0.8658536585365854,0.9417420022806835
0.01694915254237288,0.8658536585365854,0.9381350995605164
0.01694915254237288,1.0,0.704907990042377
1.0,1.0,2.1611970824843517e-05
