variable,count,mean,std,min,1%,5%,25%,50%,75%,95%,99%,max
Student_ID,705.0,353.0,203.6602563093742,1.0,8.04,36.2,177.0,353.0,529.0,669.8,697.96,705.0
Age,705.0,20.659574468085108,1.3992174519195673,18.0,18.0,19.0,19.0,21.0,22.0,23.0,24.0,24.0
Avg_Daily_Usage_Hours,705.0,4.918723404255319,1.257394521073143,1.5,2.3,2.8200000000000003,4.1,4.8,5.8,7.0,7.796000000000004,8.5
Sleep_Hours_Per_Night,705.0,6.868936170212766,1.1268480415318038,3.8,4.3,5.0200000000000005,6.0,6.9,7.7,8.6,9.2,9.6
Mental_Health_Score,705.0,6.226950354609929,1.1050554948415765,4.0,4.0,5.0,5.0,6.0,7.0,8.0,8.0,9.0
Conflicts_Over_Social_Media,705.0,2.849645390070922,0.9579677911317821,0.0,1.0,1.0,2.0,3.0,4.0,4.0,5.0,5.0
Addicted_Score,705.0,6.436879432624114,1.587164931868841,2.0,3.0,4.0,5.0,7.0,8.0,9.0,9.0,9.0
High_Addiction,705.0,0.5787234042553191,0.4941142946426594,0.0,0.0,0.0,0.0,1.0,1.0,1.0,1.0,1.0
