variable,importancia
Mental_Health_Score,0.1550227366680447
Country,0.0014262091773460384
Sleep_Hours_Per_Night,0.0011368334022323402
Most_Used_Platform,0.000764778834229074
Affects_Academic_Performance,0.000744109136006621
Relationship_Status,0.0006821000413393952
Conflicts_Over_Social_Media,0.00043406366267053633
Age,0.00016535758577922443
Avg_Daily_Usage_Hours,2.0669698222397503e-05
Academic_Level,-0.00020669698222404166
Gender,-0.00024803637866886995
