variable,importancia
Mental_Health_Score,0.28331707234843984
Conflicts_Over_Social_Media,0.10910143452912809
Affects_Academic_Performance,0.07536725284661974
Country,0.039921230218461744
Avg_Daily_Usage_Hours,0.009940040989624099
Most_Used_Platform,0.0050468609550657125
Relationship_Status,0.0035283446727668367
Gender,0.00039489879403534764
Sleep_Hours_Per_Night,9.026470738527914e-05
Age,-8.229243586930224e-05
Academic_Level,-0.0014693551265927084
